0,10_GOP
1,1488REASONS
2,1D_NICOLE_
3,1ERIK_LEE
4,1LORENAFAVA1
5,2NDHALFONION
6,459JISALGE
7,4EVER1937
8,4EVER_SUSAN
9,4MYSQUAD
10,5EMEN5EMENICH
11,5L5_5L5
12,666STEVEROGERS
13,6DRUZ
14,71BILALJAMIL1
15,AAASSSSSHHH
16,AAATEST1234
17,AAAVADAKEDAVRAA
18,AAGN1AA
19,AANTIRACIST
20,AARONALLENALL
21,AARON_M1TCHELL
22,ABALAKOVAYLIA
23,ABBASSHUKRI
24,ABBYLOPTRT
25,ABELLABAB
26,ABIGAILCALLME
27,ABIGAILSSILK
28,ABIISSROSB
29,ABISADMASST
30,ABMERRLINS
31,ABOUTPOLIT
32,ABRAMSREBEKAH
33,ABUNUWASA
34,ABU_UBAIDA2
35,ACAB_ZONE
36,ACAPARELLA
37,ACEJINEV
38,ACHSAHORKHAN
39,ACTIVEMIKR
40,ADALESTRTM
41,ADAMCHAPMANJR
42,ADAMMA_DEFOND
43,ADAM_MATHISSS
44,ADDIE_HOL
45,ADELE_BROCK
46,ADELIINESTRT
47,ADELINE_GS
48,ADELISTRTT
49,ADKEZLATE
50,ADLEESTTT
51,ADLEESWOD
52,ADNNELSTR
53,ADRGREERR
54,ADRIANAMFTTT
55,ADRIASNSS
56,ADRIENNE_GG
57,ADRI_LOW_R
58,AESPARZZA
59,AFEELIUTR
60,AFIFYAMIRA1
61,AFONIA_ZHILCOV
62,AFONINMIXAIL
63,AFRICAVSERDCE
64,AFUCKINSIDE
65,AGAFONME
66,AGAINUKRFAKE
67,AGATA_ALEXEEVA
68,AGITPOLK
69,AGNESGRHM
70,AGNESMLTRT
71,AGNESSTRYT
72,AHMADHUSSEINII
73,AHMADRADJAB
74,AHMADYOUSEF23
75,AHMADYUSUFF03
76,AHMANSOUR91061
77,AHNORDYK
78,AHOGAN_AM
79,AH_VERONIKI
80,AIDEN7757
81,AKOROMYSLOVA
82,ALANISSTRS
83,ALAXXATR
84,ALAXXATRT
85,ALBELITATRTS
86,ALBERTA_HAYNESS
87,ALBERTMORENMORE
88,ALBUQUERQUEON
89,ALDRICH420
90,ALECMOOOOODY
91,ALEESATRS
92,ALEKSANISIMOF
93,ALEKSEY_SOKOL_
94,ALEMICHLESS
95,ALENAZELDINA
96,ALESISTRTT
97,ALESSIAWILLSON
98,ALEXBORONIN
99,ALEXHARRITONOV
100,ALEXISFOXIE
101,ALEXLOVESSHENNA
102,ALEXMMYER
103,ALEXSVLADIMIROV
104,ALEXWARNINGU
105,ALEXXBELYAEV
106,ALEXXDRTRR
107,ALEX_DUGIN
108,ALEX___ANT
109,ALFNEWDAY
110,ALFREDBENBEN
111,ALFREDTHREE
112,ALI27HUSSEIN
113,ALIDANILOVSKAYA
114,ALIISTRR
115,ALINAANTONCHIK
116,ALINALINKI_
117,ALINANOVIKOV022
118,ALINAVIATKOVA
119,ALINA_9_1
120,ALISA_FRATKINA
121,ALISONDAVOL
122,ALIZASSHIELD
123,ALLAHOMORE
124,ALLBERRTOSS
125,ALLFORPETERSONS
126,ALMOSTSAINTGIRL
127,ALODOY
128,ALTMANBELINDA
129,ALTMANCOON
130,ALVA_MC_GHEE
131,ALWAYSHUNGRYBAE
132,ALW_ILL
133,ALYSSABEDOLLA
134,AMALIAHULICK
135,AMALIA_PETTY
136,AMAMCAMCAM
137,AMANDAVGREEN
138,AMBAASTRT
139,AMBBERTHTT
140,AMBERDAVV
141,AMBERLINETR
142,AMBERRPAR
143,AMCONVOICE
144,AMELCREECH
145,AMELIEBALDWIN
146,AMELINAASTR
147,AMERICANALBERT
148,AMIISTRS
149,AMIRAFERRR
150,AMIRAHPOPE
151,AMIRICANWILL
152,AMIYAHSAMUELS
153,AMYGRABMYESSAY
154,AMYMUSICLL
155,AMYYSLEGENTR
156,AMYYSSTS
157,AMYYTHOSSMA
158,ANAAISLEC
159,ANAALESSIS
160,ANASTASIAR777
161,ANASTASSIAZZ
162,ANASTASSITR
163,ANATOLINEMCOV
164,ANATOLRMNFF
165,ANBIVALENTNAYA
166,ANCARICTRS
167,ANDEERLWR
168,ANDEYNESTEROV
169,ANDIOSMARRTRUMP
170,ANDREASEULITZ
171,ANDREBAKIN
172,ANDREBEAULEGER
173,ANDREJFROLOV69
174,ANDREWHEDDD
175,ANDREYYKONDRAT1
176,ANDREY_LISCHINA
177,ANDRISNABRT
178,ANDRIYCCCP
179,ANDROFAG
180,ANDRREETRT
181,ANDRUNINVANYA
182,ANDRYNAUMOV
183,ANDRY_VOLK
184,ANDSBXX30
185,ANDYDREWDANIELS
186,ANDYHASHTAGGER
187,ANDY_PUCHINSKYI
188,ANEELSSTRT
189,ANETTANOVGOROD
190,ANFINRUDSADIE
191,ANFISAMICKEY
192,ANFRAIZER
193,ANGEELISHET
194,ANGEELISTR
195,ANGELABACH991
196,ANGELA_LATTKE
197,ANGELIKAMUSI
198,ANGELIKOROTKOVA
199,ANGELINADARCY_
200,ANGELINALADOVA
201,ANGELISTRR
202,ANGELITHSS
203,ANGELOENOUGH
204,ANGISDOOYL
205,ANGTHEESTR
206,ANG__BOWERS
207,ANIIANTRS
208,ANISACRRUTR
209,ANISILOPE
210,ANISSNOVOTR
211,ANITABR1994
212,ANITALOVEHEART
213,ANJELICAFAMOUS
214,ANKIDINOVAKIRA
215,ANN1EMCCONNELL
216,ANNABEZGUZIKOVA
217,ANNAMARFINA
218,ANNAMINGT
219,ANNAROMAN0
220,ANNA_VYSOKAYA
221,ANNETTETEAL1
222,ANNIEISBEAR
223,ANNIEPOSHES
224,ANNIJONSTR
225,ANNSAM_SAM
226,ANNY_DUBI
227,ANN_HANAH
228,ANN__BOGDANOVA
229,ANORAVERD
230,ANOSSOVV
231,ANTHONYCANLASS
232,ANTHONYCARTR
233,ANTHONYWOODBOY
234,ANTIEHARMON
235,ANTONFROMSPB
236,ANTONHAYHAY
237,ANTONINAPERVAY
238,ANTONOVMENMENCO
239,ANTONRUMSS
240,ANTOSHAKARGIN
241,ANTYSHEVALIDA
242,ANWARGAFUR
243,ANWARJAMIL22
244,ANYA_ISA1282
245,ANZGRI
246,AN_NA__AN
247,AN_N_GASTON
248,APRIILDTRUT
249,APRRILSBRUSS
250,APUHNA
251,ARABMTR
252,ARAGARTRR
253,ARCHIEOLIVERS
254,ARESTOVEVG
255,ARGENTINACATLE1
256,ARIAANST
257,ARIANNA_PER_RY
258,ARIEENSLPE
259,ARIELLE_BROWNIN
260,ARIELSHINING
261,ARINA_RONDAL
262,ARISGRAYS
263,ARKADII_TROFIM
264,ARKADSHIHKIN
265,ARKHIPOVICHIVNA
266,ARKHIPOVTIOVEOF
267,ARMEDFREJYA
268,ARM_2_ALAN
269,ARNOLDPARRK
270,ARONHOLDEN8
271,ARONS_KWENDE
272,ARSENI_ROMAN
273,ARTAUTUMN
274,ARTEMBOGACHENKO
275,ARTEMMPLOTNIKOV
276,ARTEMSSFE
277,ARTEM_POLISHHUK
278,ARTHCLAUDIA
279,ARTKORCHUNOV
280,ARTURBURANOF
281,ARTUR__2014
282,ARTYRTOLSTOV
283,ARYANNAJ0NES
284,ARZHANOVAAA
285,ASDIQARUSSIYA
286,ASHLEECOLLINSS
287,ASHLEEYWES
288,ASHLEYSIMPSN
289,ASHLEY_KRI
290,ASSUNCAOWALLAS
291,ASWWIMMORRIS
292,ASYAARRIVE
293,ATIF_SHAIKH_ME
294,ATLANTA_ONLINE
295,ATULSCARPA
296,AURRLISTR
297,AUSTINLOVESBEER
298,AUSTINLOVESBEER
299,AU_NORTON
300,AVEERTEST
301,AVEREGEANNA
302,AVIAPRES
303,AVRYLSTEWART
304,AYANNA__0
305,AYDENBOSTON
306,AYLEENSCLAR
307,AZIIZ_HADITH
308,AZUUMARSS
309,BAAILST
310,BABCHENKOVA
311,BABICHEVASONYA
312,BABYJANNYMEOW
313,BACONTONIA
314,BADAEVVIKTOR
315,BADR_EARABI
316,BAKINGBEKKER
317,BALASIKAVOW
318,BALLDOMER
319,BALLLLWALT
320,BALTIMORE0NLINE
321,BAMBISMUT
322,BAMMBJOLTR
323,BANNOVAMARI
324,BANTTANANTTA
325,BAOBAEHAM
326,BARABASHV2
327,BARBARAFORTRUMP
328,BARBARAMEER
329,BARBIELEWISS
330,BARELYBARBOZA
331,BARELY_KIM
332,BARRLAUTRS
333,BARRY_MILL
334,BATAEEV
335,BATASHEVSEREGA
336,BATMAN_BANE
337,BATONROUGEVOICE
338,BAUMAN_OFF
339,BAYOFTAMARA
340,BAZHINVAZHEN
341,BBHELGESON
342,BEAUTYMERCELA
343,BEAUTYUSER
344,BECCYWILL
345,BECHTEREVMIH
346,BECKRALFBECK265
347,BEDOVVITALIY
348,BEEATRWL
349,BEEBCLAPTT
350,BEELLASTRTT
351,BEETTYBECKS
352,BEGAYEVANGELINE
353,BEGI_BEGUNOVA
354,BEINGSWARTZ
355,BEKKOSV
356,BEKOSV
357,BELBELLOC
358,BELIKOVA_LOVE
359,BELINDA_BOURG
360,BELKADASHECHKA
361,BELOZEROVNIKIT
362,BENDER_MEL
363,BENJAMINBALLL
364,BENJIALYSSA
365,BENNEDICT_KL
366,BEN_SAR_GENT
367,BEREHAYYTR
368,BEREZINLECURACE
369,BERGERJAMIE75
370,BERKHOFF85
371,BERLINBOTE
372,BERNDHOFER6001
373,BERNIEDDDD
374,BERRNICTRR
375,BERTHADAVIDSON_
376,BERT_HENLEY
377,BESSIECOOKSYOU
378,BETTERTHANYOU_U
379,BETTIEEVANZ
380,BEVERLYBALSOM
381,BEZUMOVALYUDA
382,BE_BRUTA_L
383,BGARNER2107
384,BIAANCLEESS
385,BIBAHACH
386,BIGBOYJASIAH
387,BIGBOYSNEED
388,BIGSEANBEAST
389,BILAAL_RAIS
390,BILLMCINTOSHH
391,BISHOLORINE
392,BIZGOD
393,BIZYKOVAANITA
394,BLACK4UNITY
395,BLACKERTHEBERR5
396,BLACKEYEBLOG
397,BLACKGIRLS2017
398,BLACKJACKWEINER
399,BLACKMATTERSUS
400,BLACKNEWSOUTLET
401,BLACKPANTHER_TX
402,BLACKTIVISTDAVE
403,BLACKTIVISTS
404,BLACKTIVISTSUS
405,BLACKTOLIVE
406,BLACKUNITYMARCH
407,BLACKYCLEVELAND
408,BLACK_ELEVATION
409,BLACNEIGHBOR
410,BLADNAVALNY
411,BLAKERIVERAI
412,BLAMEYOURRSELF
413,BLANDERSHOF
414,BLEEPTHEPOLICE
415,BLINOVAEXININTA
416,BLK_VOICE
417,BLMSOLDIER
418,BOBBYCHANDLERR
419,BOBSDYER
420,BOCHARNIKOV_V
421,BOEING_IS_BACK
422,BOGDANKRAVCOV
423,BOGDANOVAO2
424,BOINYA_N5
425,BOLDYREVADIANA
426,BOLHUK
427,BONDTONYB0ND
428,BONIIISTP
429,BONNET_MICHELE
430,BOOTH_PRINCE
431,BORINETS_2001
432,BORISBORRISS
433,BORISELESEEV
434,BORIS_AVRAMENKO
435,BORIS_KOLOV
436,BORYABUCHIN
437,BOTALOVAVAVA
438,BOTINOKTRUN
439,BRANDIHAGROVE
440,BRANDNEWJENNA
441,BRATUHA_BORCUHA
442,BREMENBOTE
443,BRENTMCCLURE275
444,BRENT_KENDRICK
445,BRIANAREGLAND
446,BRIANNA_DENTON_
447,BRIANTHELIFTER
448,BRIANWARNING
449,BRICEGELLER
450,BRICSOFFICIAL
451,BRIGHTANDGLORY
452,BRIGHTNOOM
453,BRIIGEVASTR
454,BRIISTATRRT
455,BRISSTOFLR
456,BRITTANYLANE_1
457,BRIYS_VALERA
458,BRONICKIJEWEL
459,BROOKEDOZZIER
460,BROOZLEETR
461,BROSELIFOTR
462,BRRISTASI
463,BRUCIEDUBLIN
464,BR_MC_NEIL
465,BUBNOVATILAQUIV
466,BUHOIINSIDER
467,BULBULYATOR1959
468,BURDACONSTANTIN
469,BURNBARRI
470,BUSHKINVLAD
471,BYDRBRE
472,BYDRBRE_
473,BYERS_WAY
474,BYLGANIN_MARK
475,CAADEENRRS
476,CAARMBUTL
477,CADDEETRS
478,CAEZAR_GRIN
479,CAITLINMILLSYUP
480,CALEBPAAR
481,CALEBROBBNS
482,CALIFRONIAREP
483,CALININV
484,CALKINDENIS
485,CALVIN_BARN
486,CALVIN_YEK
487,CAMDENCITYNEWS
488,CAMEERICLAAR
489,CAMELIISRT
490,CAMERONJJJ11
491,CAMILEISDAMNHOT
492,CAMILLITIXTOPS
493,CAMOSASEKO
494,CAM_EVSSS
495,CANDEYCHANEY
496,CANDISMBRR
497,CANNONSHER
498,CARIISNCISTR
499,CARLLTHERITR
500,CARLOSSAMANOS
501,CARLOS_HNES
502,CARMELMELLER
503,CARREDTRT
504,CARRIETHORNTHON
505,CARRIETHORNTHON
506,CARSONYEARLY
507,CAR_REMS
508,CASCASEYP
509,CASIE_LANG
510,CASSANDRDR
511,CASSIEWELTCH
512,CASSISHERE
513,CASSONDRATRUDE1
514,CATELINEWATKINS
515,CATHERINECALLS
516,CATKELLEY_
517,CATTSADSTR
518,CDAVISA20
519,CECIIISTATS
520,CECILDUKES
521,CECIL_HAYS
522,CELIISSGONS
523,CELLESTINS
524,CELLSSTITR
525,CH1ESTHER
526,CHAASNTR
527,CHADSLOYER
528,CHAMOMILA7
529,CHANEUTRAL
530,CHANTALROBILLA
531,CHARLENE_TIMMO
532,CHARLESDAILEY87
533,CHARLESJHARPER
534,CHARLESRESPECK
535,CHARMANT_ANIS
536,CHARMEESTRS
537,CHARRISSTR
538,CHAYKA_CHELSEY
539,CHEBAMINULLAH
540,CHEELSYJOTRS
541,CHEESE_MONAY
542,CHELSSJOHNT
543,CHEONGMAI
544,CHERNENKONIKOLA
545,CHERRYCHERYLFIN
546,CHERTORIZSKY
547,CHESPLAYSCHESS
548,CHESTERCITYNEWS
549,CHEYENNE_ENG
550,CHHOLESSSTR
551,CHICAGOBL
552,CHICAGODAILYNEW
553,CHILOUTANDLEAVE
554,CHIRRISMOGUI
555,CHIRRMORRE
556,CHISTISSST
557,CHISTPOST
558,CHOCOMAYONNAISE
559,CHOCO_SMELL2000
560,CHOCO_SMELLS
561,CHRISAFONASEVA
562,CHRISCHRISCHCH
563,CHRISHEYWAI
564,CHRISTINACRISSS
565,CHRISTINAPOOL61
566,CHRISUPORT_PORT
567,CHRIS_SHARP_II
568,CHRIS_SIS_SIS
569,CHRIS_SOLO_RIO
570,CHRIXCHASE
571,CHRIXMORGAN
572,CHRNIKALERONICA
573,CIARALOVEVE
574,CIDUQUVN
575,CINDYBOBOBOB
576,CLAARISRTR
577,CLAIRE_COURT_
578,CLAUDIA42KERN
579,CLAUDIXX59
580,CLAYPAIGEBOO
581,CLAY_NELS
582,CLGHAN
583,CLIFTONHUGHES_
584,CLYDEDAWS0N
585,CNKOP777
586,CODYRANDAL1
587,COLBYST1
588,COLDPLAYSJOHNY
589,COLDWAR20_RU
590,COLINSNEVERLAND
591,COLJASON94
592,COLLEEN_FRN
593,COLLY_MICK
594,COMEANDGETITAAW
595,COMRADZAMPOLIT
596,CONSUELABRUNAZ1
597,COOKIIIEEESSSS
598,COOKNCOOKS
599,CORNELLBURCHET
600,CORNELLJULIEAN2
601,CORNERGLOVES
602,CORYNAENAE
603,COVFEFENATIONUS
604,CRAZYCRETACEOUS
605,CREEEPYSMOOTH
606,CRYSTAL1JOHNSON
607,CRYSTAL_JOHNS0N
608,CTHUNO
609,CUCKMAN2000
610,CUNEODOLORES
611,CURTISBIGMAN
612,CUSMAX
613,CUSTOMERNUMBA1
614,CYBERKUZIA
615,CYCHEVMARK
616,CYNTHIAMHUNTER
617,CYRUSWORLEY
618,CZAR_THE_ONE
619,C__WELLS
620,DADDILAZARUS
621,DAEROKIBA
622,DAILEYJADON
623,DAILYLOSANGELES
624,DAILYNEWSDENVER
625,DAILYSANDIEGO
626,DAILYSANFRAN
627,DAILYSANFRAN
628,DAILYSANJOSE
629,DALIKWESHA
630,DALLAS4COPS
631,DALLASTOPNEWS
632,DALTONWOOD14
633,DAM0NSPENCER
634,DAMANIMILES
635,DANAGEEZUS
636,DANAIVANCH
637,DANAKATALIMOVA
638,DANA_GARNER_ME
639,DANBR00KS
640,DANIELLETAWN
641,DANIE_LLE_H
642,DANIILALEKSAND6
643,DANISSTRS
644,DANNIILST
645,DANNYMASLOV
646,DANNYTHEHAPPIES
647,DANNY_TURNER_1
648,DANTE_FISH
649,DANYBORISOV
650,DAN_J_SHAFFER
651,DAN_SEL_LERS
652,DAPNESSTR
653,DARCYYSTR
654,DARIDADAR
655,DARISHALEBEDEVA
656,DARKNALLY
657,DARKTANK1992
658,DARLENEKING_
659,DARNELLMATHISS
660,DARRELL_H_HUNT
661,DASHACAO
662,DASHING10TH
663,DASHUSTIK3
664,DATWISENIGGA
665,DAUMOA
666,DAVBOYD_
667,DAVIDI_HERE
668,DAVSICHE
669,DAVYDOFF15
670,DAVYDOVAZH
671,DD_MERR
672,DEALWITHWEIRDOS
673,DEANNAMOY
674,DEBBSFARRELL
675,DEBESSTRS
676,DEBORAH_NORRIS_
677,DEBORRTH
678,DEBRA_STERN_
679,DEELOCKMAN
680,DEGTYARDEGTYAR
681,DELFALARUS
682,DELINKA2014
683,DELORESP00LE
684,DELVECCHIOJ1
685,DEL_MCQUARRIE
686,DEMENKOVAAAA
687,DEMIDOVDMITRII
688,DENISEDENNDEN
689,DENIS_KOLESO
690,DENNIUSHAK
691,DENN_NIKITIN
692,DEN_DZEN
693,DEN_SHEFRAN
694,DEON_LIEW
695,DEREKDEREKCL
696,DEREKKGREGORY
697,DER_RICKA
698,DESERTQUEENOH
699,DESTROYMEPLS
700,DETROITDAILYNEW
701,DEUSXYX
702,DEVINEDEVINBR
703,DEVIN_YAT
704,DEVYATKOF
705,DIAB0LO
706,DIAMONDSL0VEME
707,DIANA_17_08
708,DICKYIRWIN
709,DIETER_PORT
710,DIEZZZ_
711,DIGESTLJ
712,DIMAN__DIMA
713,DIMAROSCOE
714,DIMITRI_LEBEDEV
715,DINADONA69
716,DINGDONPARKER
717,DISNEYTV_RU
718,DI_MC_SOLOV
719,DJKATKATKATIE
720,DJVIBELOZEROV
721,DMITREVASILIEV
722,DMITRIBELOV12
723,DMITRIEV_IR
724,DMITROVALERA
725,DMITRO_GONDAR
726,DMITR_MIRONOV
727,DMITR_VIC
728,DNEPRGOODNEWS
729,DNT_SHOOT
730,DOBRE_DENN
731,DOBRIYEGOR
732,DOLGVLAD
733,DOLLAROVMSK
734,DOLPHINVENUS
735,DOMINICVALENT
736,DOMINIKKELLER22
737,DOMM_CLAYTON
738,DOMNICEV
739,DONALDOUCH
740,DONATELLOJACK
741,DONETSKNOVOSTI
742,DONNABRIVERA
743,DONNIELMILLER
744,DONNIE_HERO_
745,DONNIMUSIL
746,DONTSHOOTCOM
747,DORARATCHET
748,DOROCHEVIZ
749,DOROTHIEBELL
750,DORSOR077
751,DORTHYSHARRER
752,DOUGGIEMAESTAS
753,DOYRANDO
754,DP_TROVSKY
755,DREAMERALONEME
756,DREEEEW1HUDS
757,DRESDENBOTE
758,DRGREGORYWEST
759,DRMICHAELGARCIA
760,DROBOTOVAZ
761,DROBYOSYA
762,DUBOSEBELIKE
763,DUESSELDORFBOTE
764,DUMBTADUMB
765,DUMOVAELVIRA
766,DUNNOWHOWANNABE
767,DURADURNOVA
768,DURTYTULIP
769,DUSTINCOOOL
770,DUTISITE
771,DUUUUUUUUUK
772,DWIGHTB0ND
773,DYATLOFFPINATEL
774,DYBAIGWEN
775,DZHABIRZAHAB
776,D_ANDRE_AUSTIN_
777,D_A_S_H_AAA
778,EAECTODAY
779,EALADDINS
780,EAZON_TRAP
781,EBECKCOBLE
782,EBLASHEVO
783,ECHOPARADNOY
784,EDDIEALONZ0
785,EDENISYY
786,EDLEYIMOGENE
787,EDMUNDC0OKE
788,EDMUNDRJR
789,EDWARDBROBERTS
790,EDYARDSERG
791,ED_WA_RDD
792,EFFYCAVIN
793,EGERMANS
794,EGORBARANOVV
795,EGORBUTEN
796,EGOROVALEKSS
797,EGOROVGRANIGINE
798,EGOROVSDESIGN
799,EGOROV_DIMC
800,EGORSAEV
801,EGORUSSHKA
802,EGOR_GLUMOV_
803,EGOR_LOLOLO
804,EHERMANN66
805,EINSOLL
806,EISSYT56T
807,EKATERINA_FROL
808,ELBERTBOOM
809,ELENKOLMOGOROVA
810,ELENSOMOVA
811,ELEVEN_GOP
812,ELIANLINDSEY
813,ELIASAKAPARKER
814,ELIASBRICK
815,ELINSSTR
816,ELISAAGREG
817,ELISEEVA_TAN
818,ELITHKURY
819,ELIZAVETA_BOLDA
820,ELIZEESTR
821,ELLASTRS
822,ELLAWONDERGIRL
823,ELLEONORAAGEEVA
824,ELLISHARM0N
825,ELLISSTRT
826,ELMA_ELMAMA
827,ELMERWAYNEE
828,ELNOXEL
829,ELPASOTOPNEWS
830,EMELDDTRS
831,EMILEEWAREN
832,EMILLLYSTRU
833,EMILYLOUNGE
834,EMMABAHVAL
835,EMMAJACKT
836,EMMA_FSSXX
837,EMMA_KVN
838,EMMETTMTH
839,EMMYBAMBI
840,EPISHINAKATE
841,ERASTOVARTHUR
842,ERDOLLUM
843,ERDOLLUM666
844,EREMEEV_OLEG_
845,EREMINKIRYUSHA
846,ERICAANDSSN
847,ERICARUTTER
848,ERICBEBERG
849,ERICHUMMELL
850,ERICKWALTT
851,ERIKADIXONLOVE
852,ERMASHOVA90
853,ERNASHEPHARD
854,ERNESTINEEALVAR
855,EROFEENKOANTON
856,EROHOVA_K
857,EROVINKOLORAD
858,ERRIVVVVERS
859,ERRIVVVVERS
860,ERTMANGRETA
861,ERVIN_ALFORD
862,ESAYL_ININ
863,ESSIEBAILEY_
864,ESSYKRAC
865,ESTERBRIANG
866,ETOMOYOIMYA
867,ETOYAGRISHA
868,ETTA_JHNS
869,EUGENELLLL
870,EUGNBALYASIN
871,EURYNMCCOLLEY
872,EVAGREEN69
873,EVANNGHARTR
874,EVANNMOSSS
875,EVANNOTMCGREGOR
876,EVANS_TAB
877,EVASSLTRT
878,EVBOWMAN
879,EVEGREENE88
880,EVELYNSHALL
881,EVERIIAST
882,EVERYDAYHOKKU
883,EVEWEBSTER373
884,EVGENIINIKON
885,EVGENISHENKO
886,EVGENIYYMIROSH1
887,EVGENIYYVOROBEV
888,EVGENPAPER
889,EVGEN_BBB
890,EVTUSHENKOMIXEI
891,EWYOPLAY
892,EXQUOTE
893,FACEMECHASE
894,FAIRYMINKY
895,FAKEVIDEO17
896,FAMEONYOUBITCH
897,FANNIEBRADLEY88
898,FARISMAHMOUD22
899,FASTLIVE_5
900,FEDORKRIUCHKOV
901,FEDOR_BELOVODOV
902,FEDOTOVAROZA
903,FEDOTOVVAS
904,FEELLMORE
905,FEYMIIRA
906,FEYYLOGAYYLO
907,FFARDD
908,FHILPRIL
909,FIGHTCLUBLEGION
910,FIGHTCONSTANTA
911,FIGHTM_D_B
912,FIGHTTORESIST
913,FILATOVALECHOSL
914,FILINLEONID
915,FILIPPGRIGOR
916,FINDDIET
917,FINLEY1589
918,FINNAGLO
919,FIONA__ONA
920,FISCHERMARIA933
921,FISHALEXANDERR
922,FISHERRRCALEB
923,FLAGFLANAGAN
924,FLISSFLOWERS
925,FLOYDSWENSON555
926,FOMINAIMINILGE1
927,FORCEOFLIBERTY
928,FORUMSTRATEGOV
929,FORUMSTRATEGY
930,FRANCESCADIAM
931,FRANCESCAVAND
932,FRANCLANDEROS
933,FRANKFURTBOTE
934,FRANNERVIA
935,FREDYTHECREATOR
936,FREEDISCUSS
937,FREEJEROMESMITH
938,FREIDA_HW
939,FREMONTHENRII
940,FRIEDADAISY
941,FROLDARIA
942,FROLFROLDI
943,FUKKKKHERR
944,FUNAT1C
945,FUNDDIET
946,FUNKY_KAY1
947,FUUNCAKE
948,F_HANKARD
949,GAB1ALDANA
950,GABIJENSEN91
951,GABRIELITAA7X
952,GABRIELLAFALTZ
953,GAB_ARTEA_G
954,GAGYSOKEFUV
955,GALENTINIVAKIN
956,GALINA_FR
957,GALLOWAYELIANA
958,GALLYNAA
959,GARIK999999
960,GARRETTHESHADOW
961,GARRETTSIMPSON_
962,GARRET_CANDICE
963,GARR_V_
964,GASOLINEBECKER
965,GATTISILGATTI
966,GAVRIILZAHAROV
967,GAVRILOVA1LOVE
968,GAVRUSHAMSK
969,GAYLEHAPPYMOM
970,GECNOT
971,GELENVAG
972,GENABABKIN
973,GENADIY_ALEX
974,GEOMAKSS123
975,GEOREVIEWEUROPE
976,GEORGE_BENTLEY_
977,GEORGIIBAVIN
978,GEORGIOSTR
979,GEPADIKULAXE
980,GERAVAREEV
981,GERMANBOROVKO
982,GERTY_HAWA
983,GEVIWSEKTOR
984,GFFGFSFGFSDFFJJ
985,GGAZARJN
986,GG_BATES
987,GIBBS_JEREMY_
988,GINNAGINNAA
989,GIOVANNA__MORET
990,GIRSHVASILISA
991,GLADADILA
992,GLAVA39
993,GLEBNIKON
994,GLEBUSHKAGLEB
995,GLEB_XLEB_
996,GLENNHARPER_
997,GLOBALFOE
998,GLOED_UP
999,GLOTOVANNA
1000,GLOTOVGLEB
1001,GL_WORKMAN
1002,GOAOLL
1003,GODH8SBIGOTS
1004,GOLLDOR
1005,GOLODOVA_DARIAN
1006,GOLOSOVALENA
1007,GOODSPB_LJ
1008,GORBATOVLIVE
1009,GORBENKOVAA_
1010,GORELKINNN
1011,GORELOV_ARTEM
1012,GOTRICIAG
1013,GOZHMAN
1014,GRACELILSTAR
1015,GRACH_VASILII
1016,GRACIE_____55
1017,GRAF_VEBER
1018,GRAYS0NWILDE
1019,GREBENNIKOVA__
1020,GREENMETERS
1021,GREENMONIKA6
1022,GREGFRANKLIN030
1023,GREG_GREGG_
1024,GREINTRINA
1025,GRICKIHH
1026,GRIGADWIN
1027,GRIGA_BASH
1028,GRIGORANT
1029,GRIILYIN
1030,GRISHAZUBKOV
1031,GRISHINKOST
1032,GRISHINVANNO
1033,GRISHIN_SLAVA
1034,GROMOVAGIRLL
1035,GUBATOVOFFICIAL
1036,GUDIMOVONLINE
1037,GUIDILILLIE
1038,GUILLNAVARRETE
1039,GUNS4LIFE_ME
1040,GURGENALEEN
1041,GUSEVAPLANIMNAC
1042,GUSEVGLOSINNUNT
1043,GUY_WHOMAKEIT
1044,GVARDEYKALENA
1045,GVOZDYAMBA
1046,GWENDOLYNGOLDNE
1047,GWENNYTHOT
1048,GWEN_GARLAND
1049,G__AHARON
1050,HABDARRAHMAN4
1051,HAFUPINK
1052,HAIDARQUSAY
1053,HALIALHASHIMI
1054,HALIID_MAS
1055,HAMBURGBOTE
1056,HAMEEDALMUR66
1057,HAMIDMAHHAMSYR
1058,HAMIDMANSOOR123
1059,HAMZA24MOHAMME1
1060,HANDSOME_HENSON
1061,HANNAHALLL
1062,HANNOVERBOTE1
1063,HANNOVER_BOTE
1064,HAPPKENDRAHAPPY
1065,HAPPKENDRAHAPPY
1066,HAPPYDAAAYYY
1067,HARERETRT
1068,HARKOVLIVE
1069,HARRYLEVVIS
1070,HARRYMAGICIAN_
1071,HARRYTHEFATHER
1072,HARVEYRYAN92
1073,HASHTAGMEMOM
1074,HATTIEB78
1075,HAWORYMYHAK
1076,HAYDELYYST
1077,HELEN1HELEN1
1078,HELLIEEDWARDS
1079,HENRIQUEZ_A2
1080,HENY_AMBERH
1081,HERBERT_BACON
1082,HEREANDTHERE_
1083,HERLIFEISLOVE
1084,HERNAMEISCUTIE
1085,HERNAMEWASNANCY
1086,HERON_ANDREA
1087,HEYHEYHAILEY
1088,HEYITSGLOR
1089,HEYITS_TOBY
1090,HICKEY_SETH
1091,HIIMJOEBRYANT
1092,HIIMKHLOE
1093,HIMKOVVLAD
1094,HIPPPO_
1095,HISLAATRM
1096,HISTERIAME
1097,HMZAMAHMUDHAM
1098,HOLDMEJERRY
1099,HOLLANDPATRICKK
1100,HOLLYDLER
1101,HOLYCRAPCHRIX
1102,HOLY_SPIRIT_IT
1103,HONEYBOBOOBOO
1104,HONEYCERF
1105,HOOPERIDA_
1106,HOROSHAMASHKA
1107,HOROSHILOVVV
1108,HORRORKI
1109,HOTHOTCHERRY
1110,HOUSTONTOPNEWS
1111,HOWMARCELLA
1112,HULCKHOGANN
1113,HUMPHREYALESSIA
1114,HUNGRYCELIA
1115,HUNTERODDDDOM
1116,HUSEINALJABBER
1117,HUSSEINASSAHAFI
1118,HVOSTOVASVETIK
1119,HYDDROX
1120,IAKOVLEVAAGAMBR
1121,IAMARITCHBITCH
1122,IAMMONICABABY
1123,IANAMONTANA
1124,IANCALH0UN
1125,IBETYOUWILL
1126,IBOCASID
1127,IBRAHIMNOOH132
1128,IBRAHIMSALIM222
1129,IBRAHIMYUSSIF21
1130,ICEICETII
1131,IDRIISFAHR
1132,IDRISMADZHEED
1133,IGNAT_IRINKA
1134,IGNITEDFIRESTAR
1135,IGORBEREJNEV
1136,IGORKLEMENTEV
1137,IGOR_ROMAHCHUK
1138,IIDDAAMARKS
1139,IJOHNKIMBLE
1140,ILANPRICEUSA
1141,ILIKEBIGBUTTAND
1142,ILIYINSKY
1143,ILLI_ALT
1144,ILL_VAN
1145,ILONAGRISHANINA
1146,ILOVESARAHRICH
1147,ILSOLOVYOV
1148,ILYAKALIUGIN
1149,ILYAZELUDEV
1150,ILYA_CHAXTA
1151,IMAPHARRELFAKE
1152,IMASWERVE
1153,IMISSOBAMA
1154,IMOGEENTR
1155,IM_MADELINE_
1156,INA_MALONE
1157,INEEDCOSMO
1158,INFOREACTOR
1159,INFORMSYRIEN
1160,INGAGEORG
1161,INGAPRUS
1162,INGA_MINSK
1163,INGERASIMOVA
1164,INGRKOCH_KOCH
1165,INGUARD82
1166,INNA_VINOCURY
1167,INSPECTAN
1168,INSTASEX_TOP
1169,INSTOTUS
1170,INST_VETS
1171,INTERFISCHER
1172,IPHONEOFAPPLE
1173,IRAIRAIREN
1174,IRAK0T0VA
1175,IRALIRONOVA
1176,IRANOVICOWA
1177,IRA_COMBOMB
1178,IRENEMCCANTS
1179,IRENNE_OFFICIAL
1180,IRENSAFRONOFF
1181,IRINA_BYKOV
1182,IRINA_GENADIEVN
1183,IRINA_GOOOOR
1184,IRINA__GROMOVA
1185,IRIRMOSKA
1186,IRIS0_O
1187,IRNELLA1
1188,IRONSMIRANDA
1189,IRUSIKPUSIK78
1190,ISABEL_STAFF
1191,ISAEVBRO
1192,ISA_BELLA_GR
1193,ISMAILGAFUR1
1194,ISOKTOBEMARK
1195,ISRAEL_WILLS
1196,ISTOMINERNEST
1197,ITBATAEV
1198,ITSDEREKMOR
1199,ITSFOMA
1200,ITSMONAMUUA
1201,ITSREALROBERT
1202,ITSTIMETOSECEDE
1203,ITS_OLESYA
1204,IVAASSNTR
1205,IVANIMLIN
1206,IVANNIKIPHOROF
1207,IVANOVADAN
1208,IVANOVAQUISIPIN
1209,IVANOVSIMPVEGAU
1210,IVANSKAYA_LIDA
1211,IVAN_IVCHENK
1212,IVCENKOV
1213,IVEY_MEXX
1214,IWANOWAFAJA
1215,IWOMAMYBB
1216,IZMAIL_SERG
1217,I_AM_A_SCATMAN
1218,J0HNLARSEN
1219,JAAMISSTR
1220,JABRMAHMOOD
1221,JACKFAIRY1
1222,JACKIECOWBOY
1223,JACKKRASSEN
1224,JACKSONCITYPOST
1225,JACQUELINISBEST
1226,JADONHUTCHINSON
1227,JAEDENMASSEY
1228,JAILIJA
1229,JAIME_BOOO
1230,JAMALMUNAKE
1231,JAMHARRIS_
1232,JAMIESAMY
1233,JAMIE_DIVER_
1234,JAMIE_MCCARTHY_
1235,JAMIMAHDI
1236,JANELOUISMILLER
1237,JANELPERKINSON
1238,JANI_S_JAC
1239,JANNATROJANOVA
1240,JANSKEESTR
1241,JAREDNOTLETO
1242,JAROSLAVAKIMOV
1243,JARRARDNORMAN
1244,JASONIRINA1
1245,JASPER_FLY
1246,JASSMOORE11
1247,JASSSCOTT
1248,JAS_BAC
1249,JAVONHIDP
1250,JAWORSKIKATRINA
1251,JAYBRND
1252,JAYCOBBRI
1253,JAYDAASTONISHIN
1254,JAYNELLSELTZER
1255,JEALYNAVAN
1256,JEANETTEDBOLDEN
1257,JEANNEMCCARTHY0
1258,JEANUTTELLA
1259,JEBLARY2016
1260,JEFFREYKAHUNAS
1261,JEFFREYRAYMAY
1262,JEFFYDANIELS
1263,JEMALHUSSEIN231
1264,JEMISHAAAZZZ
1265,JENNAJENNKINS
1266,JENNINGSL524
1267,JENNYHUTCH31
1268,JENN_ABRAMS
1269,JERALDWOOW
1270,JEREMIAH_JAH
1271,JERMAINE_BOSSY
1272,JEROMYJEROM
1273,JERSTONER
1274,JERY_ROBERTSYO
1275,JESSEHEATH86
1276,JESSEJYM
1277,JESSIE_JESSIE_C
1278,JESSYBOWWOW
1279,JIHADIST2NDWIFE
1280,JIHADONIGNRNC
1281,JIMTHURMANN
1282,JIMWAZZUP
1283,JIMYLEVY
1284,JJEANMOREAU
1285,JJ_WALSHJ
1286,JMCD0WELL
1287,JMSCOXXX
1288,JOACHIMBUCHWITZ
1289,JOANNHARREL
1290,JOEDOLTON
1291,JOHAAJOTS
1292,JOHAAJOTS
1293,JOHANNBERGBERG
1294,JOHAN_NIGEL
1295,JOHJOHHO
1296,JOHNBENBENTON
1297,JOHNBRANCHH
1298,JOHNCOPPER16
1299,JOHNIEBOYCOOKS
1300,JOHNIEVOGUE
1301,JOHNMORGG
1302,JOHNNYBLACK91
1303,JOHNNYMARCH_
1304,JOHNS_GAVIN_
1305,JONACOLLETTE
1306,JONATHANDOTNET
1307,JON_UNDERWOOD_
1308,JORDANSHELTONW
1309,JORDA_MORGAN
1310,JORDIN_RAMZI
1311,JOSEFASPANG
1312,JOSEPH_JENKS
1313,JOSHCARSSON
1314,JOSHUASPENCE88
1315,JOSHUA_WOLFY
1316,JOTEFOKIS
1317,JOURNALISTKALUZ
1318,JOYCE_JACKSON18
1319,JRRBRTT
1320,JSHMRTNEZ
1321,JSNCAREY
1322,JUANTHOMSSTRUMT
1323,JUDELAMBERTUSA
1324,JULIANNAPARF
1325,JULIANNA_YES
1326,JULIASEXYBECK
1327,JULIEIGNATIEVA
1328,JULY_REUTOVA
1329,JUNITAXX4535
1330,JUSMASXTRT
1331,JUSSLILSTONER
1332,JUSTBE_MINE
1333,JUSTICE4ALTON
1334,JUSTICE4JAMAR_
1335,JUSTICE4TAMIR_
1336,JUSTICE_4_JAMAR
1337,JUSTIN_MC_CALL
1338,JUVYLYNJOSLYN
1339,JWOODS_MAN
1340,JYOTIRDHARREDDY
1341,J_CL_K
1342,K2DANGER
1343,KABBALALOVER
1344,KADEHUMBER
1345,KADENMCCRAY
1346,KADIROVRUSSIA
1347,KAHALEETR
1348,KAIDALOVAMARI
1349,KALINIKOVVIT
1350,KALININSKVLADIM
1351,KALIYAH_RRS
1352,KALVINNUTZZZ
1353,KAMALOVATEMPSEN
1354,KAMILABUROVA
1355,KANIJJACKSON
1356,KANSASDAILYNEWS
1357,KAPFEN
1358,KARENPARKER93
1359,KARI_DODSON
1360,KARLGOLDEARL
1361,KARL_SUMMERS
1362,KARMAISABITCHH1
1363,KAROLINEAUGE
1364,KARP_MAKS
1365,KARUCZ
1366,KATEDEBROOK
1367,KATERITTERRRR
1368,KATHERINESKS
1369,KATHIEMRR
1370,KATHYDITMAR
1371,KATKA_HERO
1372,KATTYYGEORGE
1373,KATTY__SILVA
1374,KATYAKUNST
1375,KATYA_BORN
1376,KATYA_NOVITZ
1377,KATYA_PAVL0VA
1378,KATYHANSEN19
1379,KATYKRIER
1380,KAYDENMELTON
1381,KAYROVAKAYROVA
1382,KAYYLYSST
1383,KAYY_CURTIS
1384,KELBATT
1385,KELVINKELKELVIN
1386,KELVIN_CHAMBERS
1387,KELVSOK
1388,KENCANNONE
1389,KENDRAGRRR
1390,KENNETGREG
1391,KENNYGRATHAM
1392,KENN_VILLA
1393,KENZDONOVAN
1394,KERIONALISSON
1395,KESHABORISPOL
1396,KEVINKEVSCOTT
1397,KEVINNOTBROOKS
1398,KHALEDBAKRI7
1399,KIELBOTE
1400,KIEVNOVINI
1401,KILLMEPLSAGAIN
1402,KIMBERLEIGHLAMB
1403,KINT_D
1404,KIRAMIILEE
1405,KIRAVERKIN
1406,KIRA_GASANOVA
1407,KIRA_MIR10
1408,KIRBUCHA
1409,KIRBYTHEFAMOUS
1410,KIRILLANDY
1411,KIRILLDECHTEREV
1412,KIRILLOVAFECNAN
1413,KIRILL_GROMOV1
1414,KIRKSEYSUSANNA
1415,KIRLLVIL
1416,KIRMUX
1417,KIRPICHIKOVNA
1418,KIRRANEW
1419,KIRSTENLADANIEL
1420,KIRSTIEMNR
1421,KIR_GROMOV
1422,KISKATALQUANTIC
1423,KISSKISSDEB
1424,KITCATKATERINA
1425,KITSONBRENDA
1426,KLARAUKRALAKOLU
1427,KLARA_SAUBER
1428,KLAUSFINKER
1429,KLIM_PETROV_
1430,KL_SPEN
1431,KOLNBOTE
1432,KOLOSOVACONHULE
1433,KOLRADSKIY_ZHUK
1434,KOLYA177
1435,KOLYABURKOV
1436,KOLYA_ILIN102
1437,KOMAROVA6969
1438,KOMAROVAGUIPOLN
1439,KOMICSTROFA
1440,KOSDEMO
1441,KOSTYAERMILIN
1442,KOSTYA_ANCH
1443,KOSTYA_EVS
1444,KOTOVAMARYS
1445,KOTZZZLOVRED
1446,KOVALEV_ROMK
1447,KOZLENKO_SLAVK
1448,KPESMINA
1449,KRAPIVEC
1450,KRASILNIKOVBOR
1451,KRASNOVANDCO
1452,KRAVCEV_DEN
1453,KRAVCHUKDMITRO
1454,KRAVCHUKRUSSIA
1455,KRILOV7959
1456,KRISLISOVSKAYA
1457,KRISTEEN_BROWN
1458,KRISTHUG5
1459,KRISTINADRUCKER
1460,KRISTINA_ALES
1461,KRISTIN_MARSH_
1462,KRISTYANANN
1463,KRIVELEV_LAW
1464,KRUSTYPS
1465,KRUTKOT
1466,KRYMEACHANIN
1467,KSTVENETSKIY
1468,KSYIVAKINO
1469,KSYSHEREMET
1470,KUGIN_1991
1471,KUJMAN91
1472,KURDRYSH
1473,KURZINVADIMCHIC
1474,KUZNETSOV_BORIS
1475,KYLEBURRIT0
1476,KYLES0CCER
1477,KYLIEMUSICIAN
1478,KYRILL_MOTO
1479,KZUNIGA26
1480,K_GAYDUKOVA
1481,LACHLAN_FARLEY
1482,LACHRISTIE
1483,LADADELREEY
1484,LADAVISH
1485,LADYSASCHAK
1486,LADY_DIANAAAAA
1487,LAGONEHOE
1488,LAKEISHAHICKS5
1489,LALAMICKYY
1490,LAMARMUTANT
1491,LANA_ARINA
1492,LANCE_FREED
1493,LANSKOYTIMOFEY
1494,LAPINOLEGG
1495,LARA88LARA88
1496,LARAHARRRRISON
1497,LARAPALMER23
1498,LARA_KICH
1499,LAREELIZT
1500,LARINVIKA
1501,LARIONOVABOBSPI
1502,LARISAPYLEVA
1503,LARSWOLFLARS
1504,LARVIN_AIYANNA
1505,LATTECHEEK
1506,LAURABAELEY
1507,LAURA_INSON
1508,LAUREL_LORENS
1509,LAURENBURTONS
1510,LAVROVKIR
1511,LAVROVMUESLI
1512,LAWRENCEDDDD
1513,LAWWAANCTR
1514,LAZER_NIKIT
1515,LAZYKSTAFFORD
1516,LDM1900
1517,LEACH_4U
1518,LEBLANCPETER_
1519,LEENILSLEE
1520,LEERATITOVA
1521,LEHASERG
1522,LEIMILLERS
1523,LEIPZIG_BOTE
1524,LELANDGRAVES_
1525,LENA1STURM
1526,LENAAKHMETOVA
1527,LENABBUBBLE
1528,LENAKRASNAYA
1529,LENALOVESSPB
1530,LENALYO
1531,LENASHUMEICO
1532,LENA_BERRYMAN
1533,LENA_STUFF
1534,LENIAIVANOV
1535,LENKASPB
1536,LENOCHKAMARKOVA
1537,LENUKBERUK
1538,LEONIDBROVKIN
1539,LEONID_1102
1540,LEONID_ZAK
1541,LEONTEVSEREGA
1542,LERACRUZE
1543,LEROCHKA_ALA
1544,LERONVOINIK
1545,LEROYLOVESUSA
1546,LESAVELEVA
1547,LESLIE_FAULK
1548,LESSMCPH
1549,LEVA_DANILOV
1550,LEXXX_TH
1551,LGBTRALLY
1552,LGBTUNI
1553,LGBTUNITEDCOM
1554,LIANAWISTER
1555,LIANGBERTIE
1556,LIDAZIN
1557,LIDMILAMA
1558,LILAASTRS
1559,LILA_GORILA
1560,LILILAFIN
1561,LILJORDAMN
1562,LILLYBOGGS
1563,LILYLILYHASSE
1564,LILYYTYY
1565,LILY_LEW1
1566,LIL_GAME_VIP
1567,LIN1DIRECTION
1568,LINDASCHWARZ121
1569,LINDA_LOPAEVA
1570,LINDDDAAAD
1571,LIONOVAA
1572,LIRASTERTTRUMP
1573,LISAGRAPE
1574,LISA_VOZ
1575,LISICHKINJENYA
1576,LITTLEBETTYY
1577,LITTLEEBOLA
1578,LIZAHASJUST
1579,LIZZBETTRR
1580,LIZ_ZAL_
1581,LL0YDTHEKING
1582,LLAGANPO
1583,LMARINAYS
1584,LNEVER_MINDL
1585,LOBANOV_DMITRI
1586,LOBSTRIK
1587,LOGANLOGANSS
1588,LOGAN_WHATSUP
1589,LOLAPYKE
1590,LOLA_AYERS_
1591,LOOKATMEZERO
1592,LORAGREEEN
1593,LOREENPAOLERA
1594,LORENAISHOT
1595,LORETTAPJ3
1596,LORRY_COU
1597,LOSSDAYTR
1598,LOSSFULP
1599,LOS_LOSOS_
1600,LOU_GALLOWAY
1601,LOVELYBEE_ME
1602,LOVEPIZZZZZZZA
1603,LSONSANNER
1604,LUBOMIROB
1605,LUCASSTARBRAND
1606,LUCEELYSTOP
1607,LUCEELYZT56
1608,LUCKY_LEM0N
1609,LUCYTRUMPTTOP56
1610,LUGANSKNOVOSTI
1611,LUGHHALLEY
1612,LUISASAGROSS
1613,LUISSTOCKBERG
1614,LUKAS_ROSLER
1615,LUKE_RUBIA
1616,LUSCBELYST
1617,LUSOVAT
1618,LUZMARTRUMPPT
1619,LVIVYES
1620,LYNDAWKING
1621,LYNSRODRIGUEZ
1622,LYSIKVINKOVA
1623,MABLE_LANDRY
1624,MACNEILLTONI
1625,MADIADATRT
1626,MADLENCRAZY
1627,MADLEN_JEENES
1628,MAD_BENJAMI
1629,MAGDEBURGBOTE
1630,MAGICATSALY
1631,MAGICMAGICWAND
1632,MAHAFFEYSUSANN
1633,MAHMOUDASSIBAYI
1634,MAHMUDRAMIMAH1
1635,MAH_ELNAF
1636,MAINZBOTE
1637,MAIN_IGOR
1638,MAISURGANIM
1639,MAJORITY405
1640,MAKARGUITAR
1641,MAKAROVSEN
1642,MAKAYLABUTLER13
1643,MAKEHASS
1644,MAKSBLAGININ
1645,MAKSIMKOVALEV15
1646,MAKS_DUNAY
1647,MAKS_OSIPOV_
1648,MAKS___TRAVA
1649,MALIKALMURAD12
1650,MALKA_ESSS
1651,MALLBOWEN
1652,MALLORYJARED
1653,MALNOCHES
1654,MALTE_OSWALT
1655,MALTE_ROSS
1656,MAMA_RUSSLAND
1657,MANDARINKAEFIM
1658,MANDDSYSGOSS
1659,MANDY9STEVENS
1660,MANUELKROSSS
1661,MANZAL_
1662,MANZOLEVSKY
1663,MAORBRIGHTIE
1664,MARATGAFVV
1665,MARATKALYASHIN
1666,MARCH_FOR_TRUMP
1667,MARGARETHKURZ
1668,MARGARETMOAR
1669,MARGARITASHIRAZ
1670,MARGIE__G
1671,MARGOBEROEVA
1672,MARGOSAVAZH
1673,MARGOVELLER
1674,MARIABERSTEIN
1675,MARIAHROOOSE
1676,MARIAKOKOSHKINA
1677,MARIALOPTRUMP
1678,MARIALUIGI5
1679,MARIANEUBERG1
1680,MARIAOFSTEEL
1681,MARIATRUMPT
1682,MARIECARLLLOS
1683,MARIJAKASHIRINA
1684,MARIJAKRYLOVA
1685,MARIJALABUSHEVA
1686,MARINAREMAN
1687,MARIO_CO_WAY
1688,MARIRLTR
1689,MARISHASERGEEVA
1690,MARISHA_ZU
1691,MARISSAIMSTRONG
1692,MARISSPRT
1693,MARI_MARIRUS
1694,MARKBERER
1695,MARKINCONSSUPTA
1696,MARKINGRIG
1697,MARKMCGREGORY
1698,MARKOSVINES
1699,MARKUSEICHEL
1700,MARLA_XTIAN
1701,MARLENIZZTRT
1702,MARLEY_SHN
1703,MARMARSCH1
1704,MARRINABEREZKA
1705,MARRISSATRR
1706,MARRISSATRR
1707,MARRR_RAVEN
1708,MARTINAFFF
1709,MARTINES_TWEETS
1710,MARTINIVINE
1711,MARTIN_S32
1712,MARTYNOV_NIK
1713,MARYCARRY92
1714,MARYGOLYBERVA
1715,MARYKISILEVA
1716,MARYMOZHAISKAYA
1717,MARY_GIBER
1718,MARY_MARY_ARTEM
1719,MASCHBERG
1720,MASHAASTAHOVA
1721,MASHADUROVA
1722,MASHAEMYASHEVA
1723,MASHAKRASNO
1724,MASHKI_MASHKI
1725,MASHULYA_1994
1726,MATEVIDENCE
1727,MATEVIDENCEARAB
1728,MATEVIDENCEDEU
1729,MATEVIDENCERU
1730,MATISQUAREPANTS
1731,MATTHEW1STACEY
1732,MAVLANOV_KOSTYA
1733,MAXDEMENTIEV
1734,MAXFRITZZ
1735,MAXGUBANOV
1736,MAXIMGARON1
1737,MAXIM_ARHIP
1738,MAXSUNDUKOV
1739,MAXYASTA
1740,MAYERS_STEFANY
1741,MAYLUUSSTR
1742,MAYMAYMYY
1743,MAYS_ARIELLE
1744,MBROWNHERE
1745,MDEGOROV
1746,MECHTATELI_
1747,MEDVEDIHA777
1748,MED_HARLEY
1749,MEGGIEMCKENZIE
1750,MEGGIEONEIL
1751,MELANYMELANIN
1752,MELISSAYESIAM
1753,MELLYBARTON
1754,MELVINSROBERTS
1755,MEMARINAGO
1756,MEMIZIS
1757,MEMYSELFHAILEY
1758,MEOFTHEWORLD
1759,MEREDITHWOHL
1760,MERMACIE
1761,METROJOKE
1762,METSTHEBEST
1763,MHSERGEEV
1764,MIAONSEA
1765,MICHATLAS
1766,MICHELLEARRY
1767,MICPARRISH
1768,MIC_REEZE
1769,MIDEASTVIEW
1770,MIGNATIEV1
1771,MIHADUB
1772,MIHAILBUGROV
1773,MIHAILKUZNETZO1
1774,MIHANOVIKOV
1775,MIHASTOPORENCO
1776,MIHA_PLET
1777,MIHGORBUNOV
1778,MIHHBLACK
1779,MIKAPAVILAINEN
1780,MIKKYRURK
1781,MIL0BLAKE
1782,MILAGENINA
1783,MILAGROSVEVE
1784,MILANADUR
1785,MILA_NORD
1786,MILENAKROSS
1787,MILENARUINEVA
1788,MILENA_NIHAO
1789,MILIMILLENNIUM
1790,MILMILMILA_
1791,MILORUDENKO
1792,MILOSHAMILO
1793,MILWAUKEEVOICE
1794,MINIAKINANDREW
1795,MINNEAPOLISON
1796,MIRPOLITICA
1797,MISHAGERBENEV
1798,MISHA_BYIANOV
1799,MISHA_LOPIK
1800,MISHA_PROKF
1801,MISHKA_BAGIROV
1802,MISSLILILOVER
1803,MISSNADILLE
1804,MISSOURINEWSUS
1805,MISTERBRIDGES_
1806,MITCH_LLLYNCH
1807,MMMAAAASHU
1808,MMMDARYA
1809,MMORENOK
1810,MODA_BARINA
1811,MOGILEVSEICHAS
1812,MOI_BREST
1813,MOJOYOMAN
1814,MOM_0F_TWINS
1815,MONEYFORM
1816,MONIQUEX787
1817,MONMONICA23
1818,MOROZOVALIGLIBD
1819,MORRGASSSTR
1820,MOSCOWECONOMY
1821,MOSOBLSTALKER
1822,MOTHERLANDR
1823,MOTREHA
1824,MRCLYDEPRATT
1825,MRJACKSJACKSON
1826,MRMORAAN
1827,MRMUSTACHEE
1828,MRSERVELAT
1829,MRT_EVRT
1830,MR_CLAMPIN
1831,MSBRENDAREEVES
1832,MSHEATHOWENS
1833,MSM0RE
1834,MTTHSBERGER
1835,MUENCHENBOTE
1836,MUHAMMADHUSS69
1837,MUHAMMADMUSA23
1838,MUHAMMADSADIQI4
1839,MUHMUHSAL1
1840,MUHRASHMUH
1841,MUHSADIG
1842,MUHSANSINS
1843,MUPU26
1844,MURAVICKIYY
1845,MUSAABJUVYLYN
1846,MUSALLIMMAHMUD1
1847,MUSAMUHMUH
1848,MUSLIMS_IN_USA
1849,MUZAAMURA
1850,MWIQCEN
1851,MWOODSLW
1852,MX_JT
1853,MYGAPRINCE
1854,MYQUICKSILVER
1855,MYROMYRA
1856,MYRRV13
1857,MYSOULACHES
1858,MYSUNNYSUN
1859,N1TEGRL
1860,NADENKAAVDEEVA
1861,NAGIB_SALEH
1862,NANAJDAWSON
1863,NANA_LAMA
1864,NASIMMALIK993
1865,NASTANUFRIEVA
1866,NASTY_GRACH
1867,NATALIAKUDROVA
1868,NATALIA_LEGALAD
1869,NATALIPETRICK
1870,NATALI_BEAST
1871,NATALYVASUHNOVA
1872,NATASHAPAVLOVAA
1873,NATATURN
1874,NATHALYAPODACA
1875,NATHAREID
1876,NATH_ALMA_Z
1877,NATPOLNEWS
1878,NATTATRT
1879,NAZZZGULYAKOV
1880,NCENTSSTAL
1881,NDR_BOLOZYB
1882,NEGROKEEDY
1883,NEHEMIAHX
1884,NEME_SI
1885,NEMOVVOVA
1886,NENADOBANIT
1887,NEVER2MUCHBASS
1888,NEVERLIET0ME
1889,NEVICHENKO
1890,NEVNOVPR
1891,NEVNOVRU
1892,NEVNOV_RU
1893,NEWARKVOICE
1894,NEWORLEANSON
1895,NEWS24EN
1896,NEWSPEAKDAILY
1897,NEWSPYONGYANG
1898,NEWYAHSHUAH
1899,NEWYORKDEM
1900,NEW_AGEOFMEE
1901,NEW_INF0RM
1902,NEZNKATE
1903,NICCOLOBRILLA
1904,NICKZLOBIN
1905,NIGHTGETSLONGER
1906,NIKAAFANCHIK
1907,NIKAFAST
1908,NIKANNIKA
1909,NIKITA_BAGLAEV
1910,NIKITA_ZAL
1911,NIKITINHYDTIHIN
1912,NIKKIRIUSHIN
1913,NIKOLAEVNI
1914,NIKOLAIZAGAID
1915,NIKOLAKALINOV
1916,NIKOLAYVAKHRUSH
1917,NIKOLAY_LEV
1918,NIKOLA_HOLAHOLA
1919,NIKSCHEHOV
1920,NIK_VASILIY
1921,NIK__ANGELA
1922,NINI_711
1923,NINI__2014
1924,NINOKSTRANGE
1925,NINONDERRIEN
1926,NISANURCERAN20
1927,NJ_BLACKNEWS
1928,NKEERPEN
1929,NKIRA1
1930,NNTUMMIN
1931,NOAKSALVAN
1932,NOJONATHONNO
1933,NOLNAOOU
1934,NOMO_TUNES
1935,NONNAISAEVA
1936,NONNN_STOP
1937,NOORAD_DIN
1938,NORBERDTWEGER
1939,NOREEGOLDMAN
1940,NORMAN_HOOPER
1941,NOTBALLINYET
1942,NOTHING8SPECIAL
1943,NOTMYHERITAGE
1944,NOTRITAHART
1945,NOTYOURLILLY
1946,NOT_MYHERITAGE
1947,NOVOSTIARKH
1948,NOVOSTIASTRHN
1949,NOVOSTIBARNAUL
1950,NOVOSTICHEB
1951,NOVOSTICHEL
1952,NOVOSTICRIMEA
1953,NOVOSTIDAMASK
1954,NOVOSTIDC
1955,NOVOSTIDYUMIN
1956,NOVOSTIEKB
1957,NOVOSTIHBRVSK
1958,NOVOSTIIRKUTSK
1959,NOVOSTIIZHEVSK
1960,NOVOSTIKADYROV
1961,NOVOSTIKEMEROVO
1962,NOVOSTIKIROV
1963,NOVOSTIKLNGRD
1964,NOVOSTIKRSNDR
1965,NOVOSTIKRSNDR
1966,NOVOSTIKRSNRSK
1967,NOVOSTIKSTRM
1968,NOVOSTIKZN
1969,NOVOSTILAVROV
1970,NOVOSTILIPECK
1971,NOVOSTIMHCHKL
1972,NOVOSTIMINSKA
1973,NOVOSTIMSK
1974,NOVOSTINABCHEL
1975,NOVOSTINN
1976,NOVOSTINOVGOROD
1977,NOVOSTINSK
1978,NOVOSTINVKZNCK
1979,NOVOSTIOMSKA
1980,NOVOSTIORNBRG
1981,NOVOSTIPENZA
1982,NOVOSTIPERMI
1983,NOVOSTIPUTIN
1984,NOVOSTIRND
1985,NOVOSTISARATOV
1986,NOVOSTISHOIGU
1987,NOVOSTISKTVKR
1988,NOVOSTISMR
1989,NOVOSTISPB
1990,NOVOSTISTAVROP
1991,NOVOSTITOLIATTI
1992,NOVOSTITOMSK
1993,NOVOSTITUMENI
1994,NOVOSTIUF
1995,NOVOSTIUL
1996,NOVOSTIVLDVSTK
1997,NOVOSTIVOLGA
1998,NOVOSTIVOLODIN
1999,NOVOSTIVRNEZH
2000,NOVOSTIYA
2001,NOVOSTIYARSL
2002,NOVOSTI_RYAZAN
2003,NOVOSTI_SOCHI
2004,NUCOLEWP2000
2005,NYAN_MEOW_MEOW
2006,NYUSIARUSSIA
2007,N_SILIN1
2008,OAKLANDONLINE
2009,OCIMNOCXI
2010,ODANNY_THEBOY
2011,ODESSANEWS24
2012,ODINECSASHA
2013,ODINOSTANUS
2014,OETERPRI
2015,OGDEANDRE
2016,OHMYGODKOVAL
2017,OHOHAHAS
2018,OHREALLYASHLEY
2019,OH_FRIDA
2020,OH_MISSPIZZA
2021,OILUGII69I
2022,OI_DICKO
2023,OLD_NEW_POLICY
2024,OLEGIDMITRENKO
2025,OLEGMUSALFEEV
2026,OLEG_EVDOKIMOV_
2027,OLENENOCK
2028,OLESYAUDINA
2029,OLGAMOROZOVAMSK
2030,OLGA_BEKHER
2031,OLIVIA1GB
2032,OLIVIADWARREN
2033,OLIWAALERT
2034,OLLLLL_LLLLIE
2035,OLYABOLSH
2036,OLYALEGEND
2037,OMARHATTAB2281
2038,OMAR_MANSURI_1
2039,ONELOVEUNICORNS
2040,ONEMIGHTYFISH
2041,ONLINECLEVELAND
2042,ONLINEGOMEL
2043,ONLINEMEMPHIS
2044,OOOONLYONE
2045,OOOPS_VATNIK
2046,OPERATOR_SO
2047,OPHEROINA
2048,OREHOVANATALJA
2049,ORIGINOFKATY
2050,ORRCLAY
2051,ORVILLEMOMMY
2052,OSCAR_ROWE_
2053,OSTERR666
2054,OSTROVOFFICER
2055,OWENYWADE
2056,PABLOOPATTON
2057,PAIGE_JAM
2058,PAMBLMDANIELS
2059,PAMELAKEALER13
2060,PAMELA_MOORE13
2061,PAMELA_SHARKY13
2062,PAMELLAMAYBANK
2063,PAMPAMONEIL
2064,PANINAVIKTORYA
2065,PANINOFFICIALTW
2066,PAOLAKINCK
2067,PARHOMENKOYURY
2068,PARISGAAAAAY
2069,PARKISALN
2070,PARTYFORPATTY
2071,PASHABATYREV
2072,PASHABORODACH
2073,PATI_COOPER
2074,PATRICIADRYS
2075,PATRICK_CLAYN
2076,PATRIOTBLAKE
2077,PATRIOTKA_RUSI
2078,PATRIOTOTUS
2079,PATRIOTRAPHAEL
2080,PATRIOT_ARCHIVE
2081,PAUCHENS
2082,PAULINANEUSTART
2083,PAULINETT
2084,PAVELVASILIE
2085,PAVEL_ILNSKY
2086,PAVIGNATIEV
2087,PEACELOVEJOGA
2088,PEEONHILLARY
2089,PELEVKINT
2090,PELMENMSK
2091,PENNYSIMM
2092,PERCY_RIDDLE
2093,PERESPAL
2094,PERSSONSANDY
2095,PETAROBBIE
2096,PETERKISTNER
2097,PETERMAGLOB
2098,PETERSCHULZ541
2099,PETER_DOWNS_UP
2100,PETRENKOM_
2101,PETRGORELOV
2102,PETROVAKATTYA
2103,PETROVANAIMELCE
2104,PETROVA_TATATA
2105,PETROVSERGG
2106,PETRSABLIN
2107,PEYRIDLEY
2108,PEYTONCASHOUT
2109,PEYTONM0DEL
2110,PHILADELPHIAON
2111,PHILGRECH
2112,PHILIP_PRICHTE
2113,PHILLIPCARRR
2114,PHILLIP_CHRIS10
2115,PHILLYOTERO
2116,PHOENIXDAILYNEW
2117,PHOTOMOSKOW2014
2118,PHOTOPHOMIN
2119,PIECEOFLEMONPIE
2120,PIGEONTODAY
2121,PIKINBOGDAN
2122,PIMENOVMICHAEL
2123,PIPERTRTR
2124,PIRELLIGINA
2125,PIROVA_ZHENYA
2126,PITERKARASEV
2127,PITTSESTE
2128,PLAT0V
2129,PLSCALLMEABBY
2130,PLUSHEVYEA
2131,POLICESTATEME
2132,POLIGRAPHME
2133,POLIPROPILENOVA
2134,POLITERUSSIA
2135,POLITEXPERTNET
2136,POLITICS_T0DAY
2137,POLITICS_T0DAY
2138,POLITICS__2014
2139,POLITKACH
2140,POLITOPROS
2141,POLITROS_COM
2142,POLITVLAST
2143,POLITWEECS
2144,POLIT_OBSERVER
2145,POLLLYPOLLLY
2146,POLONSKIYY
2147,POLOVINCA
2148,POLYEGOLOVY
2149,POL_WARRIOR
2150,PONCHODRAKONCHO
2151,PONOMAREVSLAV
2152,POOREKENNA
2153,POPOVALERVERIMU
2154,PORTER_2TYPE
2155,PORTMELA
2156,POWER_4LIFE
2157,POZITIFFCHIKKA
2158,PPOGRESSEO
2159,PRETTYLARAPLACE
2160,PRETTYSASHAH
2161,PRIBYSHIN
2162,PRICEFORPIERCE
2163,PROFDYSTROPHIC
2164,PROJECTLANDY
2165,PROKOFIEVKONST
2166,PROSTO_NEPROST
2167,PRUITT_LI
2168,PUBLICMOROZOV
2169,PUDDIN_LETO
2170,PUMPKINSHMAPKIN
2171,PUNNAYOANDRA
2172,PUREDAVIE
2173,PUSHA_072
2174,PUTINTSEVACUVAS
2175,PUZJA
2176,P_U_S_T_O_T_A
2177,QUEENNARIELLE
2178,QUEENOFTHEWO
2179,QUISHABR
2180,RACHDURANT
2181,RACHELRAY1203
2182,RACHLEESTRMT
2183,RADEKESOFIA
2184,RADNIKOVAMSK
2185,RADSABRAD
2186,RADUGKATE
2187,RAFESAYIED
2188,RAGLAND_LAND
2189,RAINBOWKRN
2190,RAINYHOMIE
2191,RAJAMANICKAMDA2
2192,RALFREIMANN8891
2193,RALLYCHARLESTON
2194,RAMONASNAILS
2195,RAMVANWAGE
2196,RANDALL_COOKE
2197,RANDOLPHBURRR
2198,RAOULDUKETWI
2199,RAPEDBYCOSBY
2200,RAPIRAGO
2201,RAREKRISTA
2202,RAUL_STON
2203,RAVENICHOLSON
2204,RAYEWHALEN
2205,RAYLEENNEELAM
2206,RAYMAN_ANDY
2207,RAZVEDCHICA_
2208,RBA_NDR
2209,RBURNO_
2210,RDUBROVSKY
2211,REACHITDOIT
2212,REALROBERT1987
2213,REALTEN_GOP
2214,REALWATERLILYY
2215,REBEESLYSS
2216,REDLANEWS
2217,REGIEBLACKMON
2218,REGKAGANOVA
2219,REINDEERDEAR
2220,RELIISTRT
2221,RENALDOKYROU
2222,RESISTERSUNION
2223,REZNIK_ELIZA
2224,RF_CHOICE
2225,RH0LBR00K
2226,RHODYROLLIN
2227,RIABOVGUIGUEMUL
2228,RIAFANRU
2229,RICHARDMALMAL
2230,RICHMONDVOICE
2231,RICHRIC_RICHARD
2232,RIGHTNPR
2233,RIKASBAR
2234,RIKKIRI1
2235,RIMAMUHAMMAD2
2236,RIMA_KOROTKOVA
2237,RINATSABIL
2238,RIOGITHIEF
2239,RISSTYTRT
2240,RITACLOPP
2241,RITAPHILIPP
2242,RITA_CHERN0VA
2243,RITA_ONE_LOVE
2244,RITTERTRA
2245,RIVKALANGE
2246,RLOVENOSAUSE
2247,ROBERTEBONYKING
2248,ROBERTHORN1990
2249,ROBERTHUGHESS
2250,ROBERT_SHANDER
2251,ROBIN_MC_CALL
2252,ROBYNMELVOIN1
2253,ROBYNRHODE
2254,ROB_COWMIL
2255,ROCKINMAFAME
2256,ROCKITJAN
2257,ROCKTHEMICRO
2258,RODDPHILLIPS
2259,RODYA_BEZ
2260,ROGOVILIA
2261,ROGOVVALERON
2262,ROMABULAVIN
2263,ROMAKRYGLOV
2264,ROMANAGAFONOVV
2265,ROMANBALUHIN
2266,ROMANFURUCHEV
2267,ROMANGOROLOV
2268,ROMANOVAGEOPRUD
2269,ROMAROMAAN
2270,ROMASHKAMSK
2271,RONALDALLLEN
2272,RONICK_KK
2273,ROOFMIC
2274,ROOMOFRUMOR
2275,ROSCOE_RIDDLE
2276,ROSIEONFLEEK
2277,ROSIST2014
2278,ROSIST_N1
2279,ROSSHELLYEAH
2280,ROSSIROSSIVIN
2281,ROSSRICHRDS
2282,ROSTOCKBOTE
2283,ROSTSERGEEV
2284,ROYPRESTON1ST
2285,ROZGALRIMA
2286,ROZHKOVGEN1
2287,RRIROSE
2288,RUCONSTITUTION
2289,RUDEMYANENKO
2290,RUN_N_WIN
2291,RUOPENTWIT
2292,RUSDUM
2293,RUSEYE
2294,RUSKING1703
2295,RUSLANVAXIDOV
2296,RUSLAN_MARLIN
2297,RUSNEVROTIK
2298,RUSSIA42TV
2299,RUSSIAISBEAUTY
2300,RUSSIANALLIES
2301,RUSSIANMONSTER7
2302,RUSSILANROGOV
2303,RUSSODECLAN
2304,RUS_ANIS
2305,RUS_IN_USA
2306,RYANAMBISHOP
2307,RYANESWEENEY_E
2308,RYANMAXWELL_1
2309,RYANNCOOPERWOOD
2310,RYAN_BET
2311,RYMANMURPHY
2312,R_U_LIFE
2313,SAARLANDBOTE
2314,SABIRMUHMUH1
2315,SABIRSALIMSA
2316,SABSABRIBA
2317,SABUDAI100
2318,SACHCLOUD
2319,SADIEEATONN
2320,SAFTEX
2321,SAGANOVAVALYA
2322,SAIFFFOUAD
2323,SAIFSABIRR
2324,SALAD124
2325,SALIMDJAMIL4211
2326,SALIMSALIMSABI1
2327,SAMANTHAWOW
2328,SAMCHATMANNN
2329,SAMIRGOODEN
2330,SAMMYDIXXXON
2331,SANANTOTOPNEWS
2332,SANYABESSONOV
2333,SARAHTHHHH
2334,SARAH_GIACO
2335,SASHAGREECE
2336,SASHATWEETOR
2337,SASHA_BEREZHNOY
2338,SASHA_PETRENK
2339,SAVAJENAT
2340,SAVECOOPER
2341,SAVYHURT
2342,SAYHERNAME16
2343,SAZZONV
2344,SBELOV_
2345,SBORISOGLEBSKY
2346,SCARLEESTRUT
2347,SCARLETTHOWAR15
2348,SCHENKMICHI
2349,SCHULTEI2
2350,SCOTTRAPWALTON
2351,SCREAMIN3
2352,SCREAMYMONKEY
2353,SCRELETS
2354,SCTTCRSN
2355,SEANROY1984
2356,SEATTLE_POST
2357,SEATTLE_POST
2358,SECONDSON6969
2359,SECRETREPORTT
2360,SEMCHEV_RU
2361,SEMENAKRILOV
2362,SEMENOVADEXTSAP
2363,SEMENOVTOSHA
2364,SEMI_ZOO
2365,SEM_VADIKK
2366,SERAFIMASTAR
2367,SEREESSTT
2368,SEREGA0VLADIMIR
2369,SEREGAKAVERIN
2370,SERENITYSANFOR
2371,SERGAKSEN
2372,SERGBRIANTSEV
2373,SERGEEVICH_ART
2374,SERGEEV_TOLIK
2375,SERGEIVCHENKO
2376,SERGEYAVDAEV
2377,SERGEY_027
2378,SERGEY__O
2379,SERGGBELOV
2380,SERGIO_MAESTRI
2381,SERGODINCOV
2382,SERGO_YAROSH
2383,SERHIODABEST
2384,SEROVTRITPOEBAC
2385,SERSAFRONOFF
2386,SEVAGRIX
2387,SEVAKOCEV
2388,SEVAS_INOKENT
2389,SHAKHOVOFFICIAL
2390,SHAKURUSUF
2391,SHAKYMILKY
2392,SHANIA_TONEY
2393,SHANNONGIBSONIM
2394,SHANNYZZZZ
2395,SHAPKA_MONO
2396,SHAPOVALOVANKA
2397,SHARAPOVTERCTIL
2398,SHAYLAGARRETTT
2399,SHEENA_OTT
2400,SHEENA_RING
2401,SHEILA_SHH
2402,SHERLYMONMONC
2403,SHERMAN_CN
2404,SHERMUELLER
2405,SHERRRRLEY
2406,SHIELDSCLINT
2407,SHIKARNOEL
2408,SHILOVASANCTIMI
2409,SHINEPHILLIPS
2410,SHIROKOVFEDOR
2411,SHUMITZUYOLO
2412,SHURIK_NESTEROV
2413,SICCERTHANYOU
2414,SIDNEY_RIV
2415,SIENNASMM
2416,SIGERMON
2417,SILENT_JENNA
2418,SILLYSEXYSILLY
2419,SINCEREPRUITT
2420,SINDYBLOSSOM
2421,SINIGOPAJUBY
2422,SKWAD55_LABEL
2423,SKYYLASRRT
2424,SLAVABULATOV
2425,SLAVAGOLCEV
2426,SLAVASEROFF
2427,SLAVAZAPOLSKY
2428,SLAVINAOKSI
2429,SLAVKAAVAS
2430,SLAVMIROSLAV
2431,SLAVNIKONOV
2432,SLAVOSLOV
2433,SLEVIN_324
2434,SMOLNYVASILIY
2435,SM_DOWNEY
2436,SOBAKIKAZINAKI
2437,SOBOLEV_DENISS
2438,SOFIATACKLES
2439,SOKOLOSHA
2440,SOKOLOVADIAFLUC
2441,SOKOLOVALIGIDEN
2442,SOLANO_KI
2443,SOLER_MCH
2444,SOLIFAT
2445,SONDERKATHARINA
2446,SONJAANDBRIDGES
2447,SONYANIKTO
2448,SOPHIEKOLE
2449,SORMUMTAZ
2450,SOSEANBEARD
2451,SOSNOVSKYANNA
2452,SOULSCOLLECTA
2453,SOUND4BOYZ
2454,SOUTHLONESTAR
2455,SOUTHLONESTAR2
2456,SOVASOF
2457,SOVETNIKSTATSKI
2458,SOWATSOWAT
2459,SPARKSDANS
2460,SPASIBOVVP
2461,SPBMISS
2462,SPBSASHAWOLF
2463,SPBSPORT
2464,SPEAKOROFF405
2465,SPEARMINTME
2466,SPECIALAFFAIR
2467,SPENDING_GOV
2468,SPUNTMELODY
2469,SRAHSE
2470,SSABRINAHUH
2471,SSSOFIAANDRE
2472,SSUS_PANTHER
2473,STACEWATERS_
2474,STANLEYPARRIS
2475,STANLEY_COX_
2476,STANLEY_SPIVEY
2477,STARCEV_SERGEY
2478,STARKKONSTI
2479,STASCYTR
2480,STASIA_FROLOVA
2481,STAYWOKE88
2482,STEPANSAZONO
2483,STEPASOBOLEV
2484,STEPA_HARD
2485,STEPEFIMOV
2486,STEPHANIETHEJAD
2487,STEPSTEP_HEN
2488,STERNANDREAS404
2489,STERRSAM
2490,STINSON_SS
2491,STLOUISONLINE
2492,STOLZKRISTINA
2493,STOPBRUTAL
2494,STOPIGRA10
2495,STO_CHRISTI
2496,STRATPLANRU
2497,STRICTGRACE
2498,STROKINOVI
2499,STSPEROV
2500,STUTTGART_BOTE
2501,STWAGNERARIANA
2502,STYLEBYALLA
2503,SUDJQERO
2504,SUICENCHANTRESS
2505,SUMMERHANDY
2506,SUNSANB
2507,SUPPORTRUTH
2508,SUSANPETERSON_
2509,SUSAYUNG
2510,SUSUBERGERR
2511,SUTTON_TWEET
2512,SVETADUBOOO
2513,SVETAMERCURY
2514,SVETIKALL
2515,SVETIK_ALL
2516,SVETLANALESHKOV
2517,SVETLANKAZZZZZ
2518,SVETZVEZDABALET
2519,SWEETKERRY54
2520,SYLVIE1FREEMAN
2521,SYLVIELEFEVRIER
2522,T0NYACRAWFORD
2523,T0NYASINCLAIR
2524,T0NY_0BRIEN
2525,TAANIYA99
2526,TABACHIM
2527,TAGIRHASAVI
2528,TAISIAAVDEEVA
2529,TAISIYA_C
2530,TAMAFLAN
2531,TAMI8569
2532,TAMMY_TAMH
2533,TANZILSAID
2534,TAN_BRAY
2535,TARAFORMATION
2536,TARAN_ANDREYY
2537,TARASTWEETOR
2538,TARASVAVILOV
2539,TATIANAMAXTV
2540,TAYLOR_PARKSY
2541,TAYYSSTRUT
2542,TAZIST
2543,TA_M_A_RKA
2544,TEBEPIZDEC
2545,TEDCHOCKHOLDER
2546,TEDCOOLASHELL
2547,TEDSANDERSS
2548,TEMA_ARTEMA_
2549,TEMA_KORSAKOV
2550,TEN_GOP
2551,TEODOR_FM_
2552,TERESA_BOY_LE
2553,TERRANCEPATIENT
2554,TERRIISTOOGOOD
2555,TERRYBEVER_LY
2556,TESSSFINN
2557,TESSYELMORE
2558,TESS_SNIDER
2559,TEZAHAROV
2560,THAASLITT
2561,THEFOUNDINGSON
2562,THEGRANDTAYLOR
2563,THELMMISB
2564,THELONELIESTDAY
2565,THEMANMACHINE17
2566,THEOVYAZGIN
2567,THEPLASTIC_AGE
2568,THETRAINGUY13
2569,THOMAS_GERSTER
2570,THUERINGENBOTE
2571,TIBUFOFAMAC
2572,TIMBELOZERTCEV
2573,TIMBORVICKY
2574,TIMOHAAGAFONOV
2575,TIMOSHA_SUPER
2576,TINATKURTZ1222
2577,TIPAMUTKO
2578,TIZEFAKIPAD
2579,TI_MIRONOV
2580,TODAYBOSTONMA
2581,TODAYCINCINNATI
2582,TODAYCLEVELAND
2583,TODAYINSYRIA
2584,TODAYMIAMI
2585,TODAYNYCITY
2586,TODAYNYCITY
2587,TODAYPITTSBURGH
2588,TOGANSHIN
2589,TOLIK_SATAN
2590,TOLKO_ANATOLKO
2591,TOLLIVERSTEPH
2592,TOMAS_DANE
2593,TOMMYWATTSSS
2594,TONEPORTER
2595,TONYLYNNNNN
2596,TONYWILLDO
2597,TONY_MAY_
2598,TOPSECRET_LADY
2599,TOVANOVPETR1
2600,TPARTYNEWS
2601,TRACEYHAPPYMOM
2602,TRANSSPBGPU
2603,TRAVISRESPEK
2604,TRAYNESHACOLE
2605,TREBITOVA
2606,TRIBUNAONLINE24
2607,TRINITTXS
2608,TRISTAN_RICHMAN
2609,TRUENAVALNY
2610,TRUENEUTRAL0
2611,TRUSBALBES
2612,TRYTOFINDITOUT
2613,TTLENLEN
2614,TTTANYATT
2615,TT__NORTON
2616,TURANGALA
2617,TVOYAMAMKA1990
2618,TWI_AZERNIKOV
2619,TWNAIDENYSH
2620,TX_INDEPENDENCE
2621,TYLERBOYERR
2622,TYLERBUCKBUCK
2623,TYPICALMURICA
2624,TZENIWURAOLA
2625,UBERGAR
2626,ULIABELUSHIVA
2627,ULRIKEMCKINSEY
2628,UMARKHALED05
2629,UNICORNRAINBWS
2630,UNIKORNPOPCORN
2631,URSULA_HEIM
2632,USA_GUNSLINGER
2633,UTROBINACAESERR
2634,VADMMM
2635,VAGANOVASLAVA
2636,VAINORUSSIA
2637,VAKULENKOVASS
2638,VALENSIJ_
2639,VALENTINKAMAEV
2640,VALENTINYAKUSH
2641,VALERABAY
2642,VALERADEMCHYK
2643,VALERONADUEV
2644,VALERYABERESTEV
2645,VALEYINA_DM
2646,VALYAMOOR
2647,VAL_ZOL
2648,VANESSA_A_LOTT
2649,VANNYGREER
2650,VANWHITEBIRCHN
2651,VARGINSLAVA
2652,VARVARAGRNVA
2653,VARVARA_ALL
2654,VARVARA_KABANOV
2655,VARVARA_KOP
2656,VARVARDUB
2657,VARYAGKREYSER
2658,VASHURKINMICH
2659,VASILFAITH
2660,VASILICHVASILI
2661,VASILIEVANT
2662,VASKASHELEST
2663,VASYADOBRIY
2664,VAS_MORDVIN
2665,VATKISA
2666,VATNITSA
2667,VAZHANKOV
2668,VA_BLACKNEWS
2669,VEDENSKIYARTEM
2670,VELICKAYAYEKAT
2671,VENGEROVAA
2672,VERNIGOROVAN1
2673,VEROSANRRT
2674,VERRELLPORTIER
2675,VESTIMINSK
2676,VESTIZAKHAROVA
2677,VESTNIKGROZNIY
2678,VESTNIKKLNNGRD
2679,VESTNIKPSKOV
2680,VESTNIKPTRZVDSK
2681,VESTNIKTULA
2682,VIACHIKZUEV
2683,VIADSNTR
2684,VIBORISOVA
2685,VICKIEBARBAR
2686,VICKYLOVELYG
2687,VICKYROOOY
2688,VICTORIAMAX45
2689,VICTORIAMAXIMUS
2690,VICTOR_SAMSONOF
2691,VIKAGOGOGO
2692,VIKAHOLIDAYS
2693,VIKAIVANOVASA
2694,VIKAKLYBNIKA_
2695,VIKATIRANOVA
2696,VIKAZOTOVAA
2697,VIKA_BERE
2698,VIKTOR_LAVREN
2699,VIKUS1992
2700,VINZEYUSS
2701,VIOLAASTRT
2702,VIRENDRA_COFFIN
2703,VIRGILSSMITH
2704,VITAEGOROV
2705,VITALIJBASIXIN
2706,VITALYIDERBENEV
2707,VITANOSOVA
2708,VITAREDHAIR
2709,VITTOREGUIDI
2710,VITYAGRUSHIN
2711,VIZYDYREGUJI
2712,VKOSYREVA
2713,VLAD0ALEKSEEV
2714,VLADAGUSKOVA
2715,VLADALVANOVA
2716,VLADA_POLLO
2717,VLADEVLANIN
2718,VLADGUROVV
2719,VLADIMIRKORZ
2720,VLADIMIRVORONO
2721,VLADIMIR_CMIRNO
2722,VLADISLAV_1986
2723,VLADISLAV_POM
2724,VLASOV_YA_
2725,VLD_AM
2726,VLENELENAV
2727,VODNIIKRASNOV
2728,VOLODINART
2729,VOLTSTERN
2730,VOROBEVANADYA
2731,VOROBUCHEK_
2732,VORON_MIH
2733,VOROSHILOV_OLEG
2734,VOROVSKYY
2735,VOVAMERKUSH
2736,VOVANABRAMKIN
2737,VUNONA
2738,VVARLAMOVV
2739,VVERAYAKOVLEVA
2740,VYSEKII
2741,VYSEKII1
2742,V_BAKULIN
2743,V_DANCHICOV
2744,V_VASILEVNA
2745,WADEBINTOU
2746,WADEHARRIOT
2747,WALTER_HEY
2748,WARFAREWW
2749,WARRENPORT
2750,WARRIORS_AZTLAN
2751,WASHINGTONLINE
2752,WATCHMEWALKIN
2753,WATSONTAYTAY
2754,WAYNE_DRAKE_
2755,WAZEME_ZINA
2756,WECONQUERWORLD
2757,WERNERBOCH
2758,WESTERNWINDWES
2759,WEWANTFREEDOMNY
2760,WHATSUPPPADAMS
2761,WHITEHOUSECARDS
2762,WHOCARES423
2763,WHOISWHO_ORG
2764,WIKAVECYKEKO
2765,WILDHAREE
2766,WILEYWORKOUT
2767,WILLIAMS8KALVIN
2768,WILLIAMS_DIANA_
2769,WILLIETHELION
2770,WILLIE_BIGN
2771,WILLISBONNERR
2772,WILLJOHNYOLO
2773,WILLLLIBROWN
2774,WINST_MARTIN
2775,WOKEFROMDAY1
2776,WOKELUISA
2777,WONDERHANN
2778,WORLDNEWSPOLI
2779,WORLDOFHASHTAGS
2780,WWORNPATH
2781,XDWILLIE
2782,YAELTROUBLE
2783,YAH_MALINA
2784,YALANSKY_D
2785,YANAGREBEN
2786,YAROSLAVVELIKY
2787,YATTVRUSSIA
2788,YA_YARIK_
2789,YKUDAJ681
2790,YLLIA0
2791,YOLOBUHURTO
2792,YOUJUSTCTRLC
2793,YOUKNEWMYNAME
2794,YOUKNOWJILLIAN
2795,YOURLOVELYCAROL
2796,YURA_ANICIMOV
2797,YURYKUZNETSOV65
2798,ZABELINN
2799,ZACHISTIEVIBORI
2800,ZAKIALQADIR
2801,ZAKIROVCEHUSESE
2802,ZAOZERSKYVLAD
2803,ZAPLATOVAALENA
2804,ZAYTCEVY
2805,ZAZHILMIKHAIL
2806,ZDRASTENASTIA
2807,ZEBROID_23
2808,ZELDINNUMBER1
2809,ZENDMITROV
2810,ZHIVNOV
2811,ZHI_YUE_
2812,ZILILINYM
2813,ZIMNIKOVAVENERA
2814,ZINA_ROMOVA
2815,ZINCLINEDCOFFIN
2816,ZINOVCHI
2817,ZION_FRAZIER
2818,ZISTTI
2819,ZLOBUCHKA
2820,ZLOYKURS
2821,ZNATNIYBUKHARIK
2822,ZOLLIELEMON
2823,ZOTOVA_UNO
2824,ZSHAANNA
2825,ZUBOVNIK
2826,ZUBOVNIK
2827,ZVEZDNII_VOIN
2828,ZVYAGINZEVA
2829,ZWEIG_MARIA
2830,ZZARACROSS
2831,ZZZACHARYZZZ
2832,_ANNA_SANNA_
2833,_BEGLOV
2834,_BILLY_MOYER_
2835,_GRANDMARCO
2836,_GREGORVAN
2837,_INNNNNA_
2838,_KING_JESTER_
2839,_LINAALINA_
2840,_LUKAS_BRIGGS_
2841,_MARK__B
2842,_MOMMYMILA_
2843,_NICKLUNA_
2844,_NICKULYA
2845,_OLEG_EREMEEV
2846,_RONBEN
2847,_RUBY_WILLS_
2848,_SASHALAPIN
2849,_SHERYLGILBERT
2850,_SINIY_TUMAN_
2851,_SNOWCAKES_
2852,_SOLOMONALBERT_
2853,_SUNNY_SONNY_
2854,_YOUR_LIFESTYLE
